Run,spots,bases,avgLength,size_MB,download_path,Platform,BioProject,ProjectID,BioSample,ScientificName
DRR289365,139240,1213832868,8717,795,https://sra-downloadb.be-md.ncbi.nlm.nih.gov/sos2/sra-pub-zq-18/DRR000/289/DRR289365/DRR289365.lite.1,PACBIO_SMRT,PRJDB11561,798910,SAMD00298581,Xanthomonas oryzae pv. oryzae
ERR9968694,579937,3310475539,5708,2852,https://sra-downloadb.be-md.ncbi.nlm.nih.gov/sos4/sra-pub-run-30/ERR009/9968/ERR9968694/ERR9968694.1,OXFORD_NANOPORE,PRJEB54678,871186,SAMEA110346916,Xanthomonas oryzae pv. oryzae
ERR10025933,163482,1184165330,7243,3962,https://sra-downloadb.be-md.ncbi.nlm.nih.gov/sos4/sra-pub-run-30/ERR010/10025/ERR10025933/ERR10025933.1,PACBIO_SMRT,PRJEB54678,871186,SAMEA110346916,Xanthomonas oryzae pv. oryzae
ERR10025934,163482,2041688466,12488,6784,https://sra-downloadb.be-md.ncbi.nlm.nih.gov/sos4/sra-pub-run-30/ERR010/10025/ERR10025934/ERR10025934.1,PACBIO_SMRT,PRJEB54678,871186,SAMEA110346916,Xanthomonas oryzae pv. oryzae
ERR9968698,262935,2591826317,9857,2233,https://sra-downloadb.be-md.ncbi.nlm.nih.gov/sos1/sra-pub-zq-38/ERR009/9968/ERR9968698/ERR9968698.lite.1,OXFORD_NANOPORE,PRJEB54678,871186,SAMEA110346917,Xanthomonas oryzae pv. oryzae
ERR9968697,410124,2653646895,6470,2286,https://sra-downloadb.be-md.ncbi.nlm.nih.gov/sos4/sra-pub-run-30/ERR009/9968/ERR9968697/ERR9968697.1,OXFORD_NANOPORE,PRJEB54678,871186,SAMEA110346918,Xanthomonas oryzae pv. oryzae
SRR1159200,163482,239921632,1467,935,https://sra-downloadb.be-md.ncbi.nlm.nih.gov/sos5/sra-pub-zq-11/SRR001/159/SRR1159200/SRR1159200.lite.1,PACBIO_SMRT,PRJNA237250,237250,SAMN02616002,Xanthomonas oryzae pv. oryzae PXO86
SRR1161525,163482,238467616,1458,930,https://sra-downloadb.be-md.ncbi.nlm.nih.gov/sos5/sra-pub-zq-11/SRR001/161/SRR1161525/SRR1161525.lite.1,PACBIO_SMRT,PRJNA237250,237250,SAMN02616002,Xanthomonas oryzae pv. oryzae PXO86
SRR1161526,163482,217510303,1330,843,https://sra-downloadb.be-md.ncbi.nlm.nih.gov/sos5/sra-pub-zq-11/SRR001/161/SRR1161526/SRR1161526.lite.1,PACBIO_SMRT,PRJNA237250,237250,SAMN02616002,Xanthomonas oryzae pv. oryzae PXO86
SRR1161527,163482,439158640,2686,1659,https://sra-downloadb.be-md.ncbi.nlm.nih.gov/sos5/sra-pub-zq-11/SRR001/161/SRR1161527/SRR1161527.lite.1,PACBIO_SMRT,PRJNA237250,237250,SAMN02616002,Xanthomonas oryzae pv. oryzae PXO86
SRR1161528,163482,393406468,2406,1504,https://sra-downloadb.be-md.ncbi.nlm.nih.gov/sos3/sra-pub-zq-24/SRR001/1161/SRR1161528/SRR1161528.lite.1,PACBIO_SMRT,PRJNA237250,237250,SAMN02616002,Xanthomonas oryzae pv. oryzae PXO86
SRR1161530,163482,369051220,2257,1418,https://sra-downloadb.be-md.ncbi.nlm.nih.gov/sos5/sra-pub-zq-11/SRR001/161/SRR1161530/SRR1161530.lite.1,PACBIO_SMRT,PRJNA237250,237250,SAMN02616002,Xanthomonas oryzae pv. oryzae PXO86
SRR1161531,163482,340264718,2081,1312,https://sra-downloadb.be-md.ncbi.nlm.nih.gov/sos5/sra-pub-zq-11/SRR001/161/SRR1161531/SRR1161531.lite.1,PACBIO_SMRT,PRJNA237250,237250,SAMN02616002,Xanthomonas oryzae pv. oryzae PXO86
SRR1161532,163482,1391527337,8511,4751,https://sra-downloadb.be-md.ncbi.nlm.nih.gov/sos5/sra-pub-zq-11/SRR001/161/SRR1161532/SRR1161532.lite.1,PACBIO_SMRT,PRJNA237250,237250,SAMN02616002,Xanthomonas oryzae pv. oryzae PXO86
SRR1161544,163482,1577178975,9647,5326,https://sra-downloadb.be-md.ncbi.nlm.nih.gov/sos5/sra-pub-zq-11/SRR001/161/SRR1161544/SRR1161544.lite.1,PACBIO_SMRT,PRJNA237250,237250,SAMN02616002,Xanthomonas oryzae pv. oryzae PXO86
SRR1207355,163482,839278565,5133,3117,https://sra-downloadb.be-md.ncbi.nlm.nih.gov/sos5/sra-pub-zq-11/SRR001/207/SRR1207355/SRR1207355.lite.1,PACBIO_SMRT,PRJNA28127,28127,SAMN02603061,Xanthomonas oryzae pv. oryzae PXO99A
SRR1207356,163482,730432908,4467,2749,https://sra-downloadb.be-md.ncbi.nlm.nih.gov/sos5/sra-pub-zq-11/SRR001/207/SRR1207356/SRR1207356.lite.1,PACBIO_SMRT,PRJNA28127,28127,SAMN02603061,Xanthomonas oryzae pv. oryzae PXO99A
SRR1207358,163482,669698888,4096,2540,https://sra-downloadb.be-md.ncbi.nlm.nih.gov/sos5/sra-pub-zq-11/SRR001/207/SRR1207358/SRR1207358.lite.1,PACBIO_SMRT,PRJNA28127,28127,SAMN02603061,Xanthomonas oryzae pv. oryzae PXO99A
SRR1207360,163482,603342879,3690,2306,https://sra-downloadb.be-md.ncbi.nlm.nih.gov/sos5/sra-pub-zq-11/SRR001/207/SRR1207360/SRR1207360.lite.1,PACBIO_SMRT,PRJNA28127,28127,SAMN02603061,Xanthomonas oryzae pv. oryzae PXO99A
SRR2056977,81741,180856951,2212,707,https://sra-downloadb.be-md.ncbi.nlm.nih.gov/sos5/sra-pub-zq-11/SRR002/056/SRR2056977/SRR2056977.lite.1,PACBIO_SMRT,PRJNA286129,286129,SAMN03765200,Xanthomonas oryzae pv. oryzae
SRR2062013,81741,171185772,2094,668,https://sra-downloadb.be-md.ncbi.nlm.nih.gov/sos5/sra-pub-zq-11/SRR002/062/SRR2062013/SRR2062013.lite.1,PACBIO_SMRT,PRJNA286129,286129,SAMN03765200,Xanthomonas oryzae pv. oryzae
SRR2062014,81741,188541958,2306,719,https://sra-downloadb.be-md.ncbi.nlm.nih.gov/sos5/sra-pub-zq-11/SRR002/062/SRR2062014/SRR2062014.lite.1,PACBIO_SMRT,PRJNA286129,286129,SAMN03765200,Xanthomonas oryzae pv. oryzae
SRR2062015,81741,172265473,2107,665,https://sra-downloadb.be-md.ncbi.nlm.nih.gov/sos5/sra-pub-zq-11/SRR002/062/SRR2062015/SRR2062015.lite.1,PACBIO_SMRT,PRJNA286129,286129,SAMN03765200,Xanthomonas oryzae pv. oryzae
SRR2062016,81741,590511486,7224,2088,https://sra-downloadb.be-md.ncbi.nlm.nih.gov/sos5/sra-pub-zq-11/SRR002/062/SRR2062016/SRR2062016.lite.1,PACBIO_SMRT,PRJNA286129,286129,SAMN03765200,Xanthomonas oryzae pv. oryzae
SRR2062004,81741,120903490,1479,478,https://sra-downloadb.be-md.ncbi.nlm.nih.gov/sos5/sra-pub-zq-11/SRR002/062/SRR2062004/SRR2062004.lite.1,PACBIO_SMRT,PRJNA286129,286129,SAMN03765201,Xanthomonas oryzae pv. oryzae
SRR2062008,81741,105343368,1288,417,https://sra-downloadb.be-md.ncbi.nlm.nih.gov/sos5/sra-pub-zq-11/SRR002/062/SRR2062008/SRR2062008.lite.1,PACBIO_SMRT,PRJNA286129,286129,SAMN03765201,Xanthomonas oryzae pv. oryzae
SRR2062009,81741,755854759,9246,2644,https://sra-downloadb.be-md.ncbi.nlm.nih.gov/sos5/sra-pub-zq-11/SRR002/062/SRR2062009/SRR2062009.lite.1,PACBIO_SMRT,PRJNA286129,286129,SAMN03765201,Xanthomonas oryzae pv. oryzae
SRR2062010,81741,675864949,8268,2403,https://sra-downloadb.be-md.ncbi.nlm.nih.gov/sos5/sra-pub-zq-11/SRR002/062/SRR2062010/SRR2062010.lite.1,PACBIO_SMRT,PRJNA286129,286129,SAMN03765201,Xanthomonas oryzae pv. oryzae
SRR2062011,81741,559312565,6842,1997,https://sra-downloadb.be-md.ncbi.nlm.nih.gov/sos5/sra-pub-zq-11/SRR002/062/SRR2062011/SRR2062011.lite.1,PACBIO_SMRT,PRJNA286129,286129,SAMN03765201,Xanthomonas oryzae pv. oryzae
SRR2062012,81741,634519174,7762,2253,https://sra-downloadb.be-md.ncbi.nlm.nih.gov/sos5/sra-pub-zq-11/SRR002/062/SRR2062012/SRR2062012.lite.1,PACBIO_SMRT,PRJNA286129,286129,SAMN03765201,Xanthomonas oryzae pv. oryzae
SRR5319797,3197005,20653524306,6460,4977,https://sra-downloadb.be-md.ncbi.nlm.nih.gov/sos5/sra-pub-zq-11/SRR005/319/SRR5319797/SRR5319797.lite.1,PACBIO_SMRT,PRJNA378144,378144,SAMN06480557,Xanthomonas oryzae pv. oryzae
SRR5989134,163482,2291174218,14014,7578,https://sra-downloadb.be-md.ncbi.nlm.nih.gov/sos4/sra-pub-zq-1/SRR005/5989/SRR5989134/SRR5989134.lite.1,PACBIO_SMRT,PRJNA330733,330733,SAMN05717683,Xanthomonas oryzae pv. oryzae
SRR5990719,163482,2545626880,15571,8505,https://sra-downloadb.be-md.ncbi.nlm.nih.gov/sos4/sra-pub-zq-1/SRR005/5990/SRR5990719/SRR5990719.lite.1,PACBIO_SMRT,PRJNA363079,363079,SAMN06255990,Xanthomonas oryzae pv. oryzae
SRR5990720,163482,107818025,659,486,https://sra-downloadb.be-md.ncbi.nlm.nih.gov/sos4/sra-pub-zq-1/SRR005/5990/SRR5990720/SRR5990720.lite.1,PACBIO_SMRT,PRJNA363079,363079,SAMN06255990,Xanthomonas oryzae pv. oryzae
SRR5990721,163482,1138242883,6962,4024,https://sra-downloadb.be-md.ncbi.nlm.nih.gov/sos4/sra-pub-zq-1/SRR005/5990/SRR5990721/SRR5990721.lite.1,PACBIO_SMRT,PRJNA363079,363079,SAMN06255990,Xanthomonas oryzae pv. oryzae
SRR6411266,163482,2644242997,16174,8597,https://sra-downloadb.be-md.ncbi.nlm.nih.gov/sos5/sra-pub-zq-11/SRR006/411/SRR6411266/SRR6411266.lite.1,PACBIO_SMRT,PRJNA427174,427174,SAMN08225245,Xanthomonas oryzae pv. oryzae
SRR6411265,163482,2107285642,12890,7007,https://sra-downloadb.be-md.ncbi.nlm.nih.gov/sos5/sra-pub-zq-11/SRR006/411/SRR6411265/SRR6411265.lite.1,PACBIO_SMRT,PRJNA427174,427174,SAMN08225246,Xanthomonas oryzae pv. oryzae
SRR8476690,86354,822952770,9529,531,https://sra-downloadb.be-md.ncbi.nlm.nih.gov/sos4/sra-pub-zq-1/SRR008/8476/SRR8476690/SRR8476690.lite.1,PACBIO_SMRT,PRJNA515793,515793,SAMN10768777,Xanthomonas oryzae pv. oryzae
SRR8476685,72582,571501579,7873,376,https://sra-downloadb.be-md.ncbi.nlm.nih.gov/sos3/sra-pub-zq-22/SRR008/8476/SRR8476685/SRR8476685.lite.1,PACBIO_SMRT,PRJNA515793,515793,SAMN10768786,Xanthomonas oryzae pv. oryzae
SRR8476689,87983,827161864,9401,540,https://sra-downloadb.be-md.ncbi.nlm.nih.gov/sos3/sra-pub-zq-24/SRR008/8476/SRR8476689/SRR8476689.lite.1,PACBIO_SMRT,PRJNA515793,515793,SAMN10768778,Xanthomonas oryzae pv. oryzae
SRR8476688,116084,875045086,7538,577,https://sra-downloadb.be-md.ncbi.nlm.nih.gov/sos3/sra-pub-zq-24/SRR008/8476/SRR8476688/SRR8476688.lite.1,PACBIO_SMRT,PRJNA515793,515793,SAMN10768779,Xanthomonas oryzae pv. oryzae
SRR8476687,95817,757868358,7909,500,https://sra-downloadb.be-md.ncbi.nlm.nih.gov/sos4/sra-pub-zq-1/SRR008/8476/SRR8476687/SRR8476687.lite.1,PACBIO_SMRT,PRJNA515793,515793,SAMN10768780,Xanthomonas oryzae pv. oryzae
SRR8476694,88981,893071923,10036,581,https://sra-downloadb.be-md.ncbi.nlm.nih.gov/sos3/sra-pub-zq-22/SRR008/8476/SRR8476694/SRR8476694.lite.1,PACBIO_SMRT,PRJNA515793,515793,SAMN10768781,Xanthomonas oryzae pv. oryzae
SRR8476693,48069,248342356,5166,164,https://sra-downloadb.be-md.ncbi.nlm.nih.gov/sos3/sra-pub-zq-22/SRR008/8476/SRR8476693/SRR8476693.lite.1,PACBIO_SMRT,PRJNA515793,515793,SAMN10768782,Xanthomonas oryzae pv. oryzae
SRR8476692,58538,615167344,10508,400,https://sra-downloadb.be-md.ncbi.nlm.nih.gov/sos3/sra-pub-zq-24/SRR008/8476/SRR8476692/SRR8476692.lite.1,PACBIO_SMRT,PRJNA515793,515793,SAMN10768783,Xanthomonas oryzae pv. oryzae
SRR8476691,75424,797923170,10579,516,https://sra-downloadb.be-md.ncbi.nlm.nih.gov/sos3/sra-pub-zq-24/SRR008/8476/SRR8476691/SRR8476691.lite.1,PACBIO_SMRT,PRJNA515793,515793,SAMN10768784,Xanthomonas oryzae pv. oryzae
SRR8476686,87272,899571357,10307,588,https://sra-downloadb.be-md.ncbi.nlm.nih.gov/sos3/sra-pub-zq-22/SRR008/8476/SRR8476686/SRR8476686.lite.1,PACBIO_SMRT,PRJNA515793,515793,SAMN10768785,Xanthomonas oryzae pv. oryzae
SRR8789030,163482,2915962806,17836,9369,https://sra-downloadb.be-md.ncbi.nlm.nih.gov/sos5/sra-pub-zq-11/SRR008/789/SRR8789030/SRR8789030.lite.1,PACBIO_SMRT,PRJNA497307,497307,SAMN10960778,Xanthomonas oryzae pv. oryzae
SRR8789029,163482,1958984412,11982,6428,https://sra-downloadb.be-md.ncbi.nlm.nih.gov/sos5/sra-pub-zq-11/SRR008/789/SRR8789029/SRR8789029.lite.1,PACBIO_SMRT,PRJNA497307,497307,SAMN10960779,Xanthomonas oryzae pv. oryzae
SRR8789032,163482,2410266777,14743,7719,https://sra-downloadb.be-md.ncbi.nlm.nih.gov/sos5/sra-pub-zq-16/SRR008/8789/SRR8789032/SRR8789032.lite.1,PACBIO_SMRT,PRJNA497307,497307,SAMN10960780,Xanthomonas oryzae pv. oryzae
SRR8789031,163482,3526071281,21568,11223,https://sra-downloadb.be-md.ncbi.nlm.nih.gov/sos5/sra-pub-zq-16/SRR008/8789/SRR8789031/SRR8789031.lite.1,PACBIO_SMRT,PRJNA497307,497307,SAMN10960781,Xanthomonas oryzae pv. oryzae
SRR8789033,163482,2820187792,17250,9070,https://sra-downloadb.be-md.ncbi.nlm.nih.gov/sos5/sra-pub-zq-11/SRR008/789/SRR8789033/SRR8789033.lite.1,PACBIO_SMRT,PRJNA497307,497307,SAMN10960782,Xanthomonas oryzae pv. oryzae
SRR8848105,163482,1996400860,12211,6775,https://sra-downloadb.be-md.ncbi.nlm.nih.gov/sos5/sra-pub-zq-11/SRR008/848/SRR8848105/SRR8848105.lite.1,PACBIO_SMRT,PRJNA497605,497605,SAMN10261811,Xanthomonas oryzae pv. oryzae
SRR8848098,490446,8110299390,16536,26680,https://sra-downloadb.be-md.ncbi.nlm.nih.gov/sos5/sra-pub-zq-14/SRR008/8848/SRR8848098/SRR8848098.lite.1,PACBIO_SMRT,PRJNA497605,497605,SAMN10261812,Xanthomonas oryzae pv. oryzae
SRR8848099,490446,2392435261,4878,8525,https://sra-downloadb.be-md.ncbi.nlm.nih.gov/sos3/sra-pub-zq-22/SRR008/8848/SRR8848099/SRR8848099.lite.1,PACBIO_SMRT,PRJNA497605,497605,SAMN10261813,Xanthomonas oryzae pv. oryzae
SRR8848104,326964,1146640319,3506,4343,https://sra-downloadb.be-md.ncbi.nlm.nih.gov/sos3/sra-pub-zq-24/SRR008/8848/SRR8848104/SRR8848104.lite.1,PACBIO_SMRT,PRJNA497605,497605,SAMN10261815,Xanthomonas oryzae pv. oryzae
SRR8848096,490446,5289012649,10784,17590,https://sra-downloadb.be-md.ncbi.nlm.nih.gov/sos5/sra-pub-zq-16/SRR008/8848/SRR8848096/SRR8848096.lite.1,PACBIO_SMRT,PRJNA497605,497605,SAMN10261817,Xanthomonas oryzae pv. oryzae
SRR8848097,326964,2277624665,6965,7953,https://sra-downloadb.be-md.ncbi.nlm.nih.gov/sos5/sra-pub-zq-16/SRR008/8848/SRR8848097/SRR8848097.lite.1,PACBIO_SMRT,PRJNA497605,497605,SAMN10261819,Xanthomonas oryzae pv. oryzae
SRR8848102,326964,1759618060,5381,6330,https://sra-downloadb.be-md.ncbi.nlm.nih.gov/sos5/sra-pub-zq-14/SRR008/8848/SRR8848102/SRR8848102.lite.1,PACBIO_SMRT,PRJNA497605,497605,SAMN10261820,Xanthomonas oryzae pv. oryzae
SRR8848103,326964,1663529882,5087,6000,https://sra-downloadb.be-md.ncbi.nlm.nih.gov/sos5/sra-pub-zq-11/SRR008/848/SRR8848103/SRR8848103.lite.1,PACBIO_SMRT,PRJNA497605,497605,SAMN10261821,Xanthomonas oryzae pv. oryzae
SRR8848101,326964,1218306611,3726,4450,https://sra-downloadb.be-md.ncbi.nlm.nih.gov/sos5/sra-pub-zq-11/SRR008/848/SRR8848101/SRR8848101.lite.1,PACBIO_SMRT,PRJNA497605,497605,SAMN10261822,Xanthomonas oryzae pv. oryzae
SRR8848100,272470,1839798163,6752,6405,https://sra-downloadb.be-md.ncbi.nlm.nih.gov/sos5/sra-pub-zq-11/SRR008/848/SRR8848100/SRR8848100.lite.1,PACBIO_SMRT,PRJNA497605,497605,SAMN10261824,Xanthomonas oryzae pv. oryzae
SRR11816521,72102,423861003,5878,368,https://sra-downloadb.be-md.ncbi.nlm.nih.gov/sos3/sra-pub-zq-24/SRR011/11816/SRR11816521/SRR11816521.lite.1,OXFORD_NANOPORE,PRJNA633990,633990,SAMN14979199,Xanthomonas oryzae
SRR11816522,68245,310108161,4544,269,https://sra-downloadb.be-md.ncbi.nlm.nih.gov/sos5/sra-pub-zq-11/SRR011/816/SRR11816522/SRR11816522.lite.1,OXFORD_NANOPORE,PRJNA633990,633990,SAMN14979207,Xanthomonas oryzae
SRR11816520,255279,917694787,3594,799,https://sra-downloadb.be-md.ncbi.nlm.nih.gov/sos5/sra-pub-zq-11/SRR011/816/SRR11816520/SRR11816520.lite.1,OXFORD_NANOPORE,PRJNA633990,633990,SAMN14979200,Xanthomonas oryzae
SRR11816519,115886,612471788,5285,532,https://sra-downloadb.be-md.ncbi.nlm.nih.gov/sos5/sra-pub-zq-11/SRR011/816/SRR11816519/SRR11816519.lite.1,OXFORD_NANOPORE,PRJNA633990,633990,SAMN14979201,Xanthomonas oryzae
SRR11816518,333994,1673537278,5010,1455,https://sra-downloadb.be-md.ncbi.nlm.nih.gov/sos3/sra-pub-zq-24/SRR011/11816/SRR11816518/SRR11816518.lite.1,OXFORD_NANOPORE,PRJNA633990,633990,SAMN14979202,Xanthomonas oryzae
SRR11816517,102292,771675098,7543,670,https://sra-downloadb.be-md.ncbi.nlm.nih.gov/sos3/sra-pub-zq-24/SRR011/11816/SRR11816517/SRR11816517.lite.1,OXFORD_NANOPORE,PRJNA633990,633990,SAMN14979203,Xanthomonas oryzae
SRR11816525,368029,1124753984,3056,980,https://sra-downloadb.be-md.ncbi.nlm.nih.gov/sos3/sra-pub-zq-22/SRR011/11816/SRR11816525/SRR11816525.lite.1,OXFORD_NANOPORE,PRJNA633990,633990,SAMN14979204,Xanthomonas oryzae
SRR11816524,58696,264970099,4514,230,https://sra-downloadb.be-md.ncbi.nlm.nih.gov/sos5/sra-pub-zq-11/SRR011/816/SRR11816524/SRR11816524.lite.1,OXFORD_NANOPORE,PRJNA633990,633990,SAMN14979205,Xanthomonas oryzae
SRR11816523,293977,1007499918,3427,877,https://sra-downloadb.be-md.ncbi.nlm.nih.gov/sos3/sra-pub-zq-22/SRR011/11816/SRR11816523/SRR11816523.lite.1,OXFORD_NANOPORE,PRJNA633990,633990,SAMN14979206,Xanthomonas oryzae
SRR16767125,14236,146161402,10267,81,https://sra-downloadb.be-md.ncbi.nlm.nih.gov/sos4/sra-pub-run-30/SRR016/16767/SRR16767125/SRR16767125.1,PACBIO_SMRT,PRJNA775854,775854,SAMN22870819,Xanthomonas oryzae pv. oryzae
SRR16631313,5238,53252594,10166,32,https://sra-downloadb.be-md.ncbi.nlm.nih.gov/sos1/sra-pub-zq-38/SRR016/16631/SRR16631313/SRR16631313.lite.1,PACBIO_SMRT,PRJNA775854,775854,SAMN22630272,Xanthomonas oryzae
SRR17188519,7993,81450148,10190,48,https://sra-downloadb.be-md.ncbi.nlm.nih.gov/sos3/sra-pub-zq-22/SRR017/17188/SRR17188519/SRR17188519.lite.1,PACBIO_SMRT,PRJNA787438,787438,SAMN23839250,Xanthomonas oryzae pv. oryzae
SRR21266990,31599,469136501,14846,393,https://sra-downloadb.be-md.ncbi.nlm.nih.gov/sos4/sra-pub-run-30/SRR021/21266/SRR21266990/SRR21266990.1,OXFORD_NANOPORE,PRJNA861160,861160,SAMN29888038,Xanthomonas oryzae pv. oryzae
SRR21811821,74252,673002919,9063,583,https://sra-downloadb.be-md.ncbi.nlm.nih.gov/sos4/sra-pub-run-30/SRR021/21811/SRR21811821/SRR21811821.1,OXFORD_NANOPORE,PRJNA269479,269479,SAMN03252546,Xanthomonas oryzae pv. oryzae
SRR21811824,68229,553019188,8105,479,https://sra-downloadb.be-md.ncbi.nlm.nih.gov/sos4/sra-pub-run-30/SRR021/21811/SRR21811824/SRR21811824.1,OXFORD_NANOPORE,PRJNA269476,269476,SAMN03252565,Xanthomonas oryzae pv. oryzae
SRR21812678,140490,674241701,4799,585,https://sra-downloadb.be-md.ncbi.nlm.nih.gov/sos4/sra-pub-run-30/SRR021/21812/SRR21812678/SRR21812678.1,OXFORD_NANOPORE,PRJNA269457,269457,SAMN03252563,Xanthomonas oryzae pv. oryzae
SRR21812710,282274,2405433324,8521,2076,https://sra-downloadb.be-md.ncbi.nlm.nih.gov/sos4/sra-pub-run-30/SRR021/21812/SRR21812710/SRR21812710.1,OXFORD_NANOPORE,PRJNA269480,269480,SAMN03252549,Xanthomonas oryzae pv. oryzae
SRR21812718,101347,1105598237,10909,954,https://sra-downloadb.be-md.ncbi.nlm.nih.gov/sos4/sra-pub-run-30/SRR021/21812/SRR21812718/SRR21812718.1,OXFORD_NANOPORE,PRJNA269478,269478,SAMN03252552,Xanthomonas oryzae pv. oryzae
SRR21813663,49861,494350757,9914,430,https://sra-downloadb.be-md.ncbi.nlm.nih.gov/sos4/sra-pub-run-30/SRR021/21813/SRR21813663/SRR21813663.1,OXFORD_NANOPORE,PRJNA269475,269475,SAMN03252553,Xanthomonas oryzae pv. oryzae
SRR21813675,167861,1835265049,10933,1430,https://sra-downloadb.be-md.ncbi.nlm.nih.gov/sos4/sra-pub-run-30/SRR021/21813/SRR21813675/SRR21813675.1,OXFORD_NANOPORE,PRJNA269444,269444,SAMN03252554,Xanthomonas oryzae pv. oryzae
SRR21813808,205757,2086584493,10141,1626,https://sra-downloadb.be-md.ncbi.nlm.nih.gov/sos4/sra-pub-run-30/SRR021/21813/SRR21813808/SRR21813808.1,OXFORD_NANOPORE,PRJNA269443,269443,SAMN03252558,Xanthomonas oryzae pv. oryzae
SRR21813810,131357,1692071586,12881,1460,https://sra-downloadb.be-md.ncbi.nlm.nih.gov/sos4/sra-pub-run-30/SRR021/21813/SRR21813810/SRR21813810.1,OXFORD_NANOPORE,PRJNA269450,269450,SAMN03252559,Xanthomonas oryzae pv. oryzae
SRR21813837,165978,1741154081,10490,1357,https://sra-downloadb.be-md.ncbi.nlm.nih.gov/sos4/sra-pub-run-30/SRR021/21813/SRR21813837/SRR21813837.1,OXFORD_NANOPORE,PRJNA269452,269452,SAMN03252562,Xanthomonas oryzae pv. oryzae
SRR21813850,90366,987200982,10924,858,https://sra-downloadb.be-md.ncbi.nlm.nih.gov/sos4/sra-pub-run-30/SRR021/21813/SRR21813850/SRR21813850.1,OXFORD_NANOPORE,PRJNA269467,269467,SAMN03252570,Xanthomonas oryzae pv. oryzae
SRR21813856,285958,2530253583,8848,2186,https://sra-downloadb.be-md.ncbi.nlm.nih.gov/sos4/sra-pub-run-30/SRR021/21813/SRR21813856/SRR21813856.1,OXFORD_NANOPORE,PRJNA269474,269474,SAMN03252567,Xanthomonas oryzae pv. oryzae
SRR21813965,108323,1344439907,12411,1161,https://sra-downloadb.be-md.ncbi.nlm.nih.gov/sos4/sra-pub-run-30/SRR021/21813/SRR21813965/SRR21813965.1,OXFORD_NANOPORE,PRJNA269466,269466,SAMN03252574,Xanthomonas oryzae pv. oryzae
SRR21814027,570412,5393373146,9455,4653,https://sra-downloadb.be-md.ncbi.nlm.nih.gov/sos4/sra-pub-run-30/SRR021/21814/SRR21814027/SRR21814027.1,OXFORD_NANOPORE,PRJNA269483,269483,SAMN03252572,Xanthomonas oryzae pv. oryzae
SRR21820697,104512,1377167117,13177,1189,https://sra-downloadb.be-md.ncbi.nlm.nih.gov/sos4/sra-pub-run-30/SRR021/21820/SRR21820697/SRR21820697.1,OXFORD_NANOPORE,PRJNA269461,269461,SAMN03252576,Xanthomonas oryzae pv. oryzae
SRR21820699,128285,1346581514,10496,1171,https://sra-downloadb.be-md.ncbi.nlm.nih.gov/sos4/sra-pub-run-30/SRR021/21820/SRR21820699/SRR21820699.1,OXFORD_NANOPORE,PRJNA269449,269449,SAMN03252581,Xanthomonas oryzae pv. oryzae
SRR21820701,118115,872981959,7390,749,https://sra-downloadb.be-md.ncbi.nlm.nih.gov/sos4/sra-pub-run-30/SRR021/21820/SRR21820701/SRR21820701.1,OXFORD_NANOPORE,PRJNA269470,269470,SAMN03252578,Xanthomonas oryzae pv. oryzae
SRR21820707,132691,1322022121,9963,1030,https://sra-downloadb.be-md.ncbi.nlm.nih.gov/sos4/sra-pub-run-30/SRR021/21820/SRR21820707/SRR21820707.1,OXFORD_NANOPORE,PRJNA269485,269485,SAMN03252583,Xanthomonas oryzae pv. oryzae
SRR21820710,64265,705271402,10974,550,https://sra-downloadb.be-md.ncbi.nlm.nih.gov/sos4/sra-pub-run-30/SRR021/21820/SRR21820710/SRR21820710.1,OXFORD_NANOPORE,PRJNA269481,269481,SAMN03252585,Xanthomonas oryzae pv. oryzae
SRR21820712,135264,1706662327,12617,1331,https://sra-downloadb.be-md.ncbi.nlm.nih.gov/sos4/sra-pub-run-30/SRR021/21820/SRR21820712/SRR21820712.1,OXFORD_NANOPORE,PRJNA269487,269487,SAMN03252586,Xanthomonas oryzae pv. oryzae
SRR21820799,253679,2324704112,9163,2015,https://sra-downloadb.be-md.ncbi.nlm.nih.gov/sos4/sra-pub-run-30/SRR021/21820/SRR21820799/SRR21820799.1,OXFORD_NANOPORE,PRJNA269458,269458,SAMN03252543,Xanthomonas oryzae pv. oryzae
SRR21820801,478784,4729573457,9878,4079,https://sra-downloadb.be-md.ncbi.nlm.nih.gov/sos4/sra-pub-run-30/SRR021/21820/SRR21820801/SRR21820801.1,OXFORD_NANOPORE,PRJNA269488,269488,SAMN03252587,Xanthomonas oryzae pv. oryzae
SRR30284785,63545,440874524,6937,366,https://sra-downloadb.be-md.ncbi.nlm.nih.gov/sos4/sra-pub-run-30/SRR030/30284/SRR30284785/SRR30284785.1,OXFORD_NANOPORE,PRJNA991976,991976,SAMN40354541,Xanthomonas oryzae pv. oryzae
SRR28435070,756186,5327314104,7044,1299,https://sra-downloadb.be-md.ncbi.nlm.nih.gov/sos7/sra-pub-run-38/SRR028/28435/SRR28435070/SRR28435070.1,PACBIO_SMRT,PRJNA1090217,1090217,SAMN40559048,Xanthomonas oryzae pv. oryzae
SRR30576371,283633,1573839896,5548,813,https://sra-downloadb.be-md.ncbi.nlm.nih.gov/sos4/sra-pub-run-30/SRR030/30576/SRR30576371/SRR30576371.1,PACBIO_SMRT,PRJNA1124925,1124925,SAMN42763967,Xanthomonas oryzae pv. oryzae
SRR30576370,213987,1244010289,5813,654,https://sra-downloadb.be-md.ncbi.nlm.nih.gov/sos4/sra-pub-run-30/SRR030/30576/SRR30576370/SRR30576370.1,PACBIO_SMRT,PRJNA1124925,1124925,SAMN42763968,Xanthomonas oryzae pv. oryzae
SRR30576373,84141,472275519,5612,246,https://sra-downloadb.be-md.ncbi.nlm.nih.gov/sos4/sra-pub-run-30/SRR030/30576/SRR30576373/SRR30576373.1,PACBIO_SMRT,PRJNA1124925,1124925,SAMN42763965,Xanthomonas oryzae pv. oryzae
SRR30576372,172217,980485186,5693,512,https://sra-downloadb.be-md.ncbi.nlm.nih.gov/sos4/sra-pub-run-30/SRR030/30576/SRR30576372/SRR30576372.1,PACBIO_SMRT,PRJNA1124925,1124925,SAMN42763966,Xanthomonas oryzae pv. oryzae
